manufacturer,cpuName_r23,singleScore,multiScore,cores_r23,threads,baseClock,turboClock,type,match_name,cpuName_bench,price,cpuMark,cpuValue,threadMark,threadValue,TDP,powerPerf,cores_bench,testDate,socket,category
AMD,Threadripper 3990X,1262,75671,64,128,2.9,4.5,Desktop,amd ryzen threadripper 3990x,AMD Ryzen Threadripper 3990X,8399.69,81568,9.71,2569,0.31,280.0,291.31,64,2020,sTRX4,Desktop
AMD,Threadripper Pro 3995WX,1231,73220,64,128,2.7,4.2,Desktop,amd ryzen threadripper pro 3995wx,AMD Ryzen Threadripper PRO 3995WX,6807.98,83971,12.33,2626,0.39,280.0,299.9,64,2020,sWRX8,Desktop
AMD,Epyc 7702P,993,48959,64,128,2.0,3.35,Desktop,amd epyc 7702p,AMD EPYC 7702P,3499.99,61689,17.63,2110,0.6,200.0,308.44,64,2019,SP3,Server
AMD,Threadripper 3970X,1308,46874,32,64,3.7,4.5,Desktop,amd ryzen threadripper 3970x,AMD Ryzen Threadripper 3970X,2997.99,63835,21.29,2694,0.9,280.0,227.98,32,2019,sTRX4,Desktop
AMD,Threadripper Pro 3975WX,1244,43450,32,64,3.5,4.2,Desktop,amd ryzen threadripper pro 3975wx,AMD Ryzen Threadripper PRO 3975WX,4499.99,63495,14.11,2666,0.59,280.0,226.77,32,2020,sWRX8,Desktop
AMD,Threadripper 3960X,1307,34932,24,64,3.8,4.5,Desktop,amd ryzen threadripper 3960x,AMD Ryzen Threadripper 3960X,1682.9,54757,32.54,2678,1.59,280.0,195.56,24,2019,sTRX4,Desktop
AMD,Threadripper 2990WX,1005,29651,32,64,3.0,4.2,Desktop,amd ryzen threadripper 2990wx,AMD Ryzen Threadripper 2990WX,2100.0,32475,15.46,2290,1.09,250.0,129.9,32,2018,sTR4,Desktop
AMD,Ryzen 9 5950X,1684,28782,16,32,3.4,4.9,Desktop,amd ryzen 9 5950x,AMD Ryzen 9 5950X,649.74,46195,71.1,3498,5.38,105.0,439.96,16,2020,AM4,Desktop
Intel,Core i9 12900K,2007,27852,16,24,3.2,5.2,Desktop,intel core i9-12900k,Intel Core i9-12900K,599.95,41077,68.47,4209,7.02,241.0,170.44,8,2021,FCLGA1700,Desktop
Intel,Core i9 12900KF,1974,27852,16,24,3.2,5.2,Desktop,intel core i9-12900kf,Intel Core i9-12900KF,572.98,41163,71.84,4217,7.36,241.0,170.8,8,2021,FCLGA1700,Desktop
Intel,Core i9 12900KS,2082,27796,16,24,3.4,5.5,Desktop,intel core i9-12900ks,Intel Core i9-12900KS,779.98,44243,56.72,4317,5.53,150.0,294.95,8,2022,LGA 1700,Desktop
AMD,Threadripper Pro 3955WX,1401,27175,16,32,3.9,4.3,Desktop,amd ryzen threadripper pro 3955wx,AMD Ryzen Threadripper PRO 3955WX,1995.0,40225,20.16,2696,1.35,280.0,143.66,16,2020,sWRX8,Desktop
Intel,Core i9 9980XE,1114,27093,18,36,3.0,4.4,Desktop,intel core i9-9980xe,Intel Core i9-9980XE @ 3.00GHz,1442.21,31905,22.12,2566,1.78,165.0,193.37,18,2018,FCLGA2066,Desktop
AMD,Ryzen 9 3950X,1406,26375,16,32,3.5,4.7,Desktop,amd ryzen 9 3950x,AMD Ryzen 9 3950X,650.0,39157,60.24,2738,4.21,105.0,372.92,16,2019,AM4,Desktop
Intel,Core i9 10980XE,1063,25490,18,36,3.0,4.6,Desktop,intel core i9-10980xe,Intel Core i9-10980XE @ 3.00GHz,999.99,33408,33.41,2667,2.67,165.0,202.47,18,2019,FCLGA2066,Desktop
Intel,Core i7 12700K,1950,23168,12,20,3.6,5.0,Desktop,intel core i7-12700k,Intel Core i7-12700K,409.0,34125,83.44,4047,9.9,190.0,179.61,8,2021,FCLGA1700,Desktop
Intel,Core i7 12700KF,1958,22997,12,20,3.6,5.0,Desktop,intel core i7-12700kf,Intel Core i7-12700KF,350.99,34110,97.18,4054,11.55,190.0,179.53,8,2021,FCLGA1700,Desktop
AMD,Ryzen 9 5900X,1670,22046,12,24,3.7,4.8,Desktop,amd ryzen 9 5900x,AMD Ryzen 9 5900X,393.03,39457,100.39,3494,8.89,105.0,375.78,12,2020,AM4,Desktop
AMD,Ryzen 9 5900,1608,21071,12,24,3.0,4.7,Desktop,amd ryzen 9 5900,AMD Ryzen 9 5900,,34721,,3432,,65.0,534.17,12,2021,AM4,Desktop
AMD,Threadripper 1950X,1027,19635,16,32,3.4,4.0,Desktop,amd ryzen threadripper 1950x,AMD Ryzen Threadripper 1950X,684.47,28037,40.96,2293,3.35,180.0,155.76,16,2017,sTR4,Desktop
AMD,Threadripper 2950X,1135,18797,16,32,3.5,4.4,Desktop,amd ryzen threadripper 2950x,AMD Ryzen Threadripper 2950X,990.0,29981,30.28,2488,2.51,180.0,166.56,16,2018,sTR4,Desktop
AMD,Ryzen 9 3900X,1312,18682,12,24,3.8,4.6,Desktop,amd ryzen 9 3900x,AMD Ryzen 9 3900X,359.0,32751,91.23,2725,7.59,105.0,311.92,12,2019,AM4,Desktop
AMD,Ryzen 9 3900XT,1354,18511,12,24,4.1,4.7,Desktop,amd ryzen 9 3900xt,AMD Ryzen 9 3900XT,618.77,32869,53.12,2786,4.5,105.0,313.04,12,2020,AM4,Desktop
Intel,Core i9 7980XE,1287,18389,18,36,2.6,4.2,Desktop,intel core i9-7980xe,Intel Core i9-7980XE @ 2.60GHz,816.42,29842,36.55,2474,3.03,165.0,180.86,18,2017,FCLGA2066,Desktop
Intel,Core i9 12900HK,1919,18252,14,20,2.5,5.0,Laptop,intel core i9-12900hk,Intel Core i9-12900HK,635.0,30213,47.58,3946,6.21,45.0,671.4,6,2022,FCBGA1744,Laptop
Intel,Core i9 9960X,1085,18125,16,32,3.1,4.4,Desktop,intel core i9-9960x,Intel Core i9-9960X @ 3.10GHz,1498.95,30655,20.45,2631,1.76,165.0,185.79,16,2019,FCLGA2066,Desktop
Intel,Core i5 12600KF,1929,17979,10,16,3.7,4.9,Desktop,intel core i5-12600kf,Intel Core i5-12600KF,260.98,27186,104.17,3967,15.2,150.0,181.24,6,2021,FCLGA1700,Desktop
Intel,Core i9 10900KF,1516,17486,10,20,3.7,5.3,Desktop,intel core i9-10900kf,Intel Core i9-10900KF @ 3.70GHz,339.99,23508,69.14,3141,9.24,125.0,188.06,10,2020,FCLGA1200,Desktop
Intel,Core i5 12600K,1904,17400,10,16,3.7,4.9,Desktop,intel core i5-12600k,Intel Core i5-12600K,277.98,27429,98.67,3965,14.26,150.0,182.86,6,2021,FCLGA1700,Desktop
Intel,Core i7 12700H,1774,16860,14,20,2.3,4.7,Laptop,intel core i7-12700h,Intel Core i7-12700H,457.0,27391,59.94,3766,8.24,45.0,608.69,6,2022,FCBGA1744,Laptop
Intel,Core i9 12900H,1948,16839,14,20,2.5,5.0,Laptop,intel core i9-12900h,Intel Core i9-12900H,617.0,29714,48.16,3974,6.44,45.0,660.32,6,2022,FCBGA1744,Laptop
Intel,Core i9 10940X,1250,16427,14,28,3.3,4.6,Desktop,intel core i9-10940x,Intel Core i9-10940X @ 3.30GHz,771.99,28619,37.07,2724,3.53,165.0,173.45,14,2019,FCLGA2066,Desktop
Intel,Core i9 11900KF,1670,16367,8,16,3.5,5.3,Desktop,intel core i9-11900kf,Intel Core i9-11900KF @ 3.50GHz,379.98,25390,66.82,3563,9.38,125.0,203.12,8,2021,FCLGA1200,Desktop
Intel,Core i7 12700,1875,16225,12,20,3.6,4.9,Desktop,intel core i7-12700,Intel Core i7-12700,328.0,31659,96.52,3948,12.04,65.0,487.07,8,2022,FCLGA1700,Desktop
Intel,Core i9 11900K,1671,16211,8,16,3.5,5.3,Desktop,intel core i9-11900k,Intel Core i9-11900K @ 3.50GHz,397.97,25539,64.17,3519,8.84,125.0,204.31,8,2021,FCLGA1200,Desktop
Intel,Core i7 12800H,1837,15922,14,20,2.4,4.8,Laptop,intel core i7-12800h,Intel Core i7-12800H,457.0,19052,41.69,3604,7.89,45.0,423.37,6,2022,FCBGA1744,Laptop
Intel,Core i9 10850K,1325,15762,10,20,3.6,5.2,Desktop,intel core i9-10850k,Intel Core i9-10850K @ 3.60GHz,408.44,23055,56.45,3091,7.57,125.0,184.44,10,2020,FCLGA1200,Desktop
Intel,Core i9 10920X,1307,15709,12,24,3.5,4.6,Desktop,intel core i9-10920x,Intel Core i9-10920X @ 3.50GHz,679.99,26696,39.26,2766,4.07,165.0,161.79,12,2019,FCLGA2066,Desktop
Intel,Core i9 9940X,1248,15585,14,28,3.3,4.4,Desktop,intel core i9-9940x,Intel Core i9-9940X @ 3.30GHz,841.4,28411,33.77,2647,3.15,165.0,172.19,14,2018,FCLGA2066,Desktop
Intel,Core i9 10900K,1433,15564,10,20,3.7,5.3,Desktop,intel core i9-10900k,Intel Core i9-10900K @ 3.70GHz,389.97,23768,60.95,3167,8.12,125.0,190.14,10,2020,FCLGA1200,Desktop
Intel,Core i9 7960X,1117,15301,16,32,2.8,4.2,Desktop,intel core i9-7960x,Intel Core i9-7960X @ 2.80GHz,990.97,26699,26.94,2525,2.55,165.0,161.81,16,2017,FCLGA2066,Desktop
Intel,Core i7 11700KF,1578,15223,8,16,3.6,5.0,Desktop,intel core i7-11700kf,Intel Core i7-11700KF @ 3.60GHz,279.0,24147,86.55,3420,12.26,125.0,193.17,8,2021,FCLGA1200,Desktop
Intel,Core i7 11700K,1582,15136,8,16,3.6,5.0,Desktop,intel core i7-11700k,Intel Core i7-11700K @ 3.60GHz,297.0,24749,83.33,3429,11.55,125.0,197.99,8,2020,FCLGA1200,Desktop
AMD,Ryzen 7 5800X3D,1516,15049,8,16,3.4,4.5,Desktop,amd ryzen 7 5800x3d,AMD Ryzen 7 5800X3D,599.0,25508,42.58,2850,4.76,105.0,242.93,8,2022,AM4,Desktop
AMD,Threadripper 1920X,1054,15038,12,24,3.5,4.0,Desktop,amd ryzen threadripper 1920x,AMD Ryzen Threadripper 1920X,299.99,22903,76.35,2300,7.67,180.0,127.24,12,2017,sTR4,Desktop
Intel,Core i9 9920X,1077,15018,12,24,3.5,4.4,Desktop,intel core i9-9920x,Intel Core i9-9920X @ 3.50GHz,999.0,25291,25.32,2621,2.62,165.0,153.28,12,2018,FCLGA2066,Desktop
Intel,Core i5 12500H,1732,14825,12,16,2.5,4.5,Laptop,intel core i5-12500h,Intel Core i5-12500H,311.0,23530,75.66,3678,11.83,45.0,522.9,4,2022,FCBGA1744,Laptop
AMD,Ryzen 7 5800X,1596,14812,8,16,3.8,4.7,Desktop,amd ryzen 7 5800x,AMD Ryzen 7 5800X,333.99,28368,84.94,3485,10.43,105.0,270.17,8,2020,AM4,Desktop
Intel,Core i9 10900X,1159,14480,10,20,3.7,4.5,Desktop,intel core i9-10900x,Intel Core i9-10900X @ 3.70GHz,560.0,22683,40.51,2696,4.81,165.0,137.47,10,2019,FCLGA2066,Desktop
AMD,Ryzen 7 5700X,1539,14437,8,16,3.4,4.6,Desktop,amd ryzen 7 5700x,AMD Ryzen 7 5700X,299.0,27065,90.52,3397,11.36,65.0,416.38,8,2022,AM4,Desktop
AMD,Ryzen 7 5700G,1535,14350,8,16,3.8,4.6,Desktop,amd ryzen 7 5700g,AMD Ryzen 7 5700G,233.0,24545,105.34,3281,14.08,65.0,377.62,8,2021,AM4,Desktop
AMD,Ryzen 7 5800,1580,14231,8,16,3.4,4.6,Desktop,amd ryzen 7 5800,AMD Ryzen 7 5800,,25644,,3386,,65.0,394.52,8,2021,AM4,Desktop
Intel,Core i9 9900X,1189,14180,10,20,3.5,4.4,Desktop,intel core i9-9900x,Intel Core i9-9900X @ 3.50GHz,654.99,21868,33.39,2604,3.98,165.0,132.54,10,2018,FCLGA2066,Desktop
Intel,Core i9 11980HK,1591,14028,8,16,2.6,5.0,Laptop,intel core i9-11980hk,Intel Core i9-11980HK @ 2.60GHz,583.0,23629,40.53,3312,5.68,45.0,525.09,8,2021,FCBGA1787,Laptop
AMD,Ryzen 7 3800X,1346,13848,8,16,3.9,4.5,Desktop,amd ryzen 7 3800x,AMD Ryzen 7 3800X,248.59,23275,93.63,2735,11.0,105.0,221.67,8,2019,AM4,Desktop
Intel,Core i7 7820X,1371,13641,8,16,3.6,4.3,Desktop,intel core i7-7820x,Intel Core i7-7820X @ 3.60GHz,709.0,17283,24.38,2539,3.58,140.0,123.45,8,2017,FCLGA2066,Desktop
Intel,Core i9 11900,1473,13499,8,16,2.5,5.2,Desktop,intel core i9-11900,Intel Core i9-11900 @ 2.50GHz,347.88,23117,66.45,3443,9.9,65.0,355.65,8,2021,FCLGA1200,Desktop
Intel,Core i9 10900,1367,13439,10,20,2.8,5.2,Desktop,intel core i9-10900,Intel Core i9-10900 @ 2.80GHz,389.97,20446,52.43,3057,7.84,65.0,314.55,10,2020,FCLGA1200,Desktop
Intel,Core i7 9800X,1288,13253,8,16,3.8,4.4,Desktop,intel core i7-9800x,Intel Core i7-9800X @ 3.80GHz,650.0,18240,28.06,2595,3.99,165.0,110.54,8,2018,FCLGA2066,Desktop
AMD,Ryzen 7 6800H,1512,13253,8,16,3.2,4.7,Laptop,amd ryzen 7 6800h,AMD Ryzen 7 6800H,,23447,,3311,,45.0,521.04,8,2022,FP7,Laptop
Intel,Core i9 11900F,1413,13209,8,16,2.5,5.2,Desktop,intel core i9-11900f,Intel Core i9-11900F @ 2.50GHz,379.99,23814,62.67,3528,9.28,65.0,366.37,8,2021,FCLGA1200,Desktop
Intel,Core i5 12500,1824,13145,6,12,3.0,4.6,Desktop,intel core i5-12500,Intel Core i5-12500,202.0,20309,100.54,3759,18.61,65.0,312.45,6,2022,LGA 1700,Desktop
AMD,Ryzen 7 Pro 4750G,1344,13109,8,16,3.6,4.4,Desktop,amd ryzen 7 pro 4750g,AMD Ryzen 7 PRO 4750G,299.99,20570,68.57,2710,9.03,65.0,316.46,8,2020,AM4,Desktop
AMD,Ryzen 9 6900HS,1609,13052,8,16,3.3,4.9,Laptop,amd ryzen 9 6900hs,AMD Ryzen 9 6900HS,,24390,,3354,,35.0,696.86,8,2022,FP7,Laptop
AMD,Ryzen 9 5900H,1504,13036,8,16,3.3,4.6,Laptop,amd ryzen 9 5900h,AMD Ryzen 9 5900H,,20960,,3312,,,,8,2022,AM4,Laptop
Intel,Core i9 9900KF,1296,12959,8,16,3.6,5.0,Desktop,intel core i9-9900kf,Intel Core i9-9900KF @ 3.60GHz,502.13,18691,37.22,2968,5.91,95.0,196.75,8,2019,FCLGA1151-2,Desktop
AMD,Ryzen 7 3800XT,1355,12955,8,16,3.9,4.7,Desktop,amd ryzen 7 3800xt,AMD Ryzen 7 3800XT,391.65,23815,60.81,2845,7.26,105.0,226.81,8,2020,AM4,Desktop
AMD,Ryzen 9 5900HX,1504,12941,8,16,3.3,4.6,Laptop,amd ryzen 9 5900hx,AMD Ryzen 9 5900HX,,23160,,3230,,45.0,514.67,8,2021,FP6,Laptop
Intel,Core i9 9900KS,1289,12879,8,16,4.0,5.0,Desktop,intel core i9-9900ks,Intel Core i9-9900KS @ 4.00GHz,898.3,19518,21.73,3039,3.38,127.0,153.69,8,2019,FCLGA1151-2,Desktop
Intel,Core i7 10700K,1309,12873,8,16,3.8,5.1,Desktop,intel core i7-10700k,Intel Core i7-10700K @ 3.80GHz,328.98,19277,58.6,3074,9.34,125.0,154.22,8,2020,FCLGA1200,Desktop
Intel,Core i7 10700KF,1309,12873,8,16,3.8,5.1,Desktop,intel core i7-10700kf,Intel Core i7-10700KF @ 3.80GHz,309.99,19143,61.75,3056,9.86,125.0,153.14,8,2020,FCLGA1200,Desktop
Intel,Core i9 11950H,1591,12860,8,16,2.1,5.0,Laptop,intel core i9-11950h,Intel Core i9-11950H @ 2.60GHz,556.0,22570,40.59,3298,5.93,45.0,501.56,8,2021,FCBGA1787,Laptop
AMD,Ryzen 9 5980HS,1538,12844,8,16,3.0,4.8,Laptop,amd ryzen 9 5980hs,AMD Ryzen 9 5980HS,,21412,,3145,,35.0,611.76,8,2021,FP6,Laptop
AMD,Ryzen 9 5900HS,1488,12838,8,16,3.0,4.6,Laptop,amd ryzen 9 5900hs,AMD Ryzen 9 5900HS,,22215,,3201,,35.0,634.71,8,2021,FP6,Laptop
AMD,Ryzen 7 4700G,1353,12827,8,16,3.6,4.4,Desktop,amd ryzen 7 4700g,AMD Ryzen 7 4700G,319.0,20138,63.13,2758,8.65,65.0,309.82,8,2020,AM4,Desktop
Intel,Core i9 10900T,1283,12648,10,20,1.9,4.6,Desktop,intel core i9-10900t,Intel Core i9-10900T @ 1.90GHz,439.0,15134,34.47,2523,5.75,35.0,432.4,10,2020,FCLGA1200,Desktop
AMD,Ryzen 7 6800HS,1505,12645,8,16,3.2,4.7,Desktop,amd ryzen 7 6800hs,AMD Ryzen 7 6800HS,,25460,,3428,,35.0,727.44,8,2022,FP7,Laptop
Intel,Core i9 9900K,1358,12581,8,16,3.6,5.0,Desktop,intel core i9-9900k,Intel Core i9-9900K @ 3.60GHz,622.0,18716,30.09,2960,4.76,95.0,197.02,8,2018,FCLGA1151-2,Desktop
Intel,Core i7 11850H,1546,12442,8,16,2.1,4.8,Laptop,intel core i7-11850h,Intel Core i7-11850H @ 2.50GHz,395.0,21212,53.7,3219,8.15,45.0,471.38,8,2021,FCBGA1787,Laptop
Intel,Core i7 10700F,1272,12440,8,16,2.9,4.8,Desktop,intel core i7-10700f,Intel Core i7-10700F @ 2.90GHz,249.99,16973,67.89,2919,11.67,65.0,261.12,8,2020,FCLGA1200,Desktop
Intel,Core i7 11800H,1514,12342,8,16,1.9,4.6,Laptop,intel core i7-11800h,Intel Core i7-11800H @ 2.30GHz,395.0,21363,54.08,3134,7.93,45.0,474.74,8,2021,FCBGA1787,Laptop
Intel,Core i9 9900,1298,12341,8,16,3.1,5.0,Desktop,intel core i9-9900,Intel Core i9-9900 @ 3.10GHz,458.99,16873,36.76,2863,6.24,65.0,259.58,8,2019,FCLGA1151-2,Desktop
AMD,Ryzen 7 5800H,1438,12330,8,16,3.2,4.4,Laptop,amd ryzen 7 5800h,AMD Ryzen 7 5800H,,21469,,3083,,45.0,477.09,8,2021,FP6,Laptop
Intel,Core i9 11900H,1598,12249,8,16,2.1,4.9,Laptop,intel core i9-11900h,Intel Core i9-11900H @ 2.50GHz,546.0,21385,39.17,3202,5.86,45.0,475.22,8,2021,FCBGA1787,Laptop
AMD,Ryzen 7 3700X,1345,12195,8,16,3.6,4.4,Desktop,amd ryzen 7 3700x,AMD Ryzen 7 3700X,367.52,22716,61.81,2680,7.29,65.0,349.48,8,2019,AM4,Desktop
Intel,Core i5 12400,1725,12117,6,12,2.5,4.4,Desktop,intel core i5-12400,Intel Core i5-12400,192.0,19571,101.93,3532,18.4,65.0,301.09,6,2022,LGA 1700,Desktop
Intel,Core i5 12400F,1736,12071,6,12,2.5,4.4,Desktop,intel core i5-12400f,Intel Core i5-12400F,174.98,19659,112.35,3567,20.39,65.0,302.44,6,2022,FCLGA1700,Desktop
AMD,Ryzen 9 5980HX,1648,12017,8,16,3.3,4.8,Laptop,amd ryzen 9 5980hx,AMD Ryzen 9 5980HX,,23425,,3333,,45.0,520.55,8,2021,FP6,Laptop
Intel,Core i9 7900X,1227,12010,10,20,3.3,4.3,Desktop,intel core i9-7900x,Intel Core i9-7900X @ 3.30GHz,269.98,21310,78.93,2594,9.61,140.0,152.21,10,2017,FCLGA2066,Desktop
AMD,Ryzen 7 4700GE,1346,11748,8,16,3.6,4.4,Desktop,amd ryzen 7 4700ge,AMD Ryzen 7 4700GE,,20392,,2727,,35.0,582.62,8,2020,AM4,Desktop
AMD,Ryzen 9 4900H,1305,11538,8,16,3.3,4.4,Laptop,amd ryzen 9 4900h,AMD Ryzen 9 4900H,,19339,,2733,,45.0,429.76,8,2020,FP6,Laptop
Intel,Core i5 11600KF,1582,11482,6,12,3.9,4.9,Desktop,intel core i5-11600kf,Intel Core i5-11600KF @ 3.90GHz,232.49,19742,84.91,3359,14.45,125.0,157.93,6,2021,FCLGA1200,Desktop
AMD,Ryzen 5 5600,1472,11429,6,12,3.5,4.4,Desktop,amd ryzen 5 5600,AMD Ryzen 5 5600,189.99,21350,112.37,3208,16.88,65.0,328.46,6,2022,AM4,Desktop
Intel,Core i5 11600K,1573,11392,6,12,3.9,4.9,Desktop,intel core i5-11600k,Intel Core i5-11600K @ 3.90GHz,209.99,19781,94.2,3374,16.07,125.0,158.25,6,2021,FCLGA1200,Desktop
AMD,Ryzen 5 5600G,1499,11358,6,12,3.9,4.4,Desktop,amd ryzen 5 5600g,AMD Ryzen 5 5600G,179.97,19830,110.19,3187,17.71,65.0,305.08,6,2021,AM4,Desktop
AMD,Ryzen 7 4800H,1264,11335,8,16,2.9,4.2,Laptop,amd ryzen 7 4800h,AMD Ryzen 7 4800H,,19056,,2638,,45.0,423.46,8,2020,FP6,Laptop
Intel,Core i5 11600,1621,11320,6,12,2.8,4.8,Desktop,intel core i5-11600,Intel Core i5-11600 @ 2.80GHz,216.41,18318,84.64,3302,15.26,65.0,281.81,6,2021,FCLGA1200,Desktop
AMD,Ryzen 5 5600X,1593,11201,6,12,3.7,4.6,Desktop,amd ryzen 5 5600x,AMD Ryzen 5 5600X,216.99,22088,101.79,3377,15.56,65.0,339.82,6,2020,AM4,Desktop
Intel,Core i7 11700F,1563,11169,8,16,2.5,4.9,Desktop,intel core i7-11700f,Intel Core i7-11700F @ 2.50GHz,289.99,21447,73.96,3339,11.51,65.0,329.95,8,2021,FCLGA1200,Desktop
AMD,Ryzen 9 4900HS,1250,11145,8,16,3.0,4.3,Laptop,amd ryzen 9 4900hs,AMD Ryzen 9 4900HS,,19425,,2628,,35.0,554.99,8,2020,FP6,Laptop
Intel,Core i9 10900F,1367,10890,10,20,2.8,5.2,Desktop,intel core i9-10900f,Intel Core i9-10900F @ 2.80GHz,350.0,20881,59.66,3070,8.77,65.0,321.25,10,2020,FCLGA1200,Desktop
Intel,Core i7 11600H,1499,10736,6,12,2.5,4.6,Laptop,intel core i7-11600h,Intel Core i7-11600H @ 2.90GHz,395.0,16403,41.53,3185,8.06,45.0,364.51,6,2021,FCBGA1787,Laptop
AMD,Ryzen 5 5500,1372,10710,6,12,3.6,4.2,Desktop,amd ryzen 5 5500,AMD Ryzen 5 5500,159.0,19949,125.46,3096,19.47,65.0,306.9,6,2022,AM4,Desktop
Intel,Core i9 10980HK,1299,10654,8,16,2.4,5.3,Laptop,intel core i9-10980hk,Intel Core i9-10980HK @ 2.40GHz,583.0,16271,27.91,2869,4.92,45.0,361.57,8,2020,FCBGA1440,Laptop
AMD,Ryzen 7 4800HS,1241,10654,8,16,2.9,4.2,Laptop,amd ryzen 7 4800hs,AMD Ryzen 7 4800HS,,18864,,2609,,45.0,419.2,8,2020,FP6,Laptop
AMD,Ryzen 7 5800HS,1346,10625,8,16,2.8,4.4,Laptop,amd ryzen 7 5800hs,AMD Ryzen 7 5800HS,,20684,,3060,,35.0,590.97,8,2021,FP6,Laptop
Intel,Core i5 10600K,1407,10600,6,12,4.1,4.8,Desktop,intel core i5-10600k,Intel Core i5-10600K @ 4.10GHz,212.97,14534,68.24,2936,13.78,125.0,116.27,6,2020,FCLGA1200,Desktop
Intel,Core i5 10600KF,1407,10600,6,12,4.1,4.8,Desktop,intel core i5-10600kf,Intel Core i5-10600KF @ 4.10GHz,184.98,14575,78.79,2948,15.94,125.0,116.6,6,2020,FCLGA1200,Desktop
Intel,Core i7 8086K,1344,10342,6,12,4.0,5.0,Desktop,intel core i7-8086k,Intel Core i7-8086K @ 4.00GHz,549.0,14550,26.5,2895,5.27,95.0,153.16,6,2018,FCLGA1151-2,Desktop
Intel,Core i9 9900T,1233,10337,8,16,2.1,4.4,Desktop,intel core i9-9900t,Intel Core i9-9900T @ 2.10GHz,439.0,13947,31.77,2505,5.71,35.0,398.49,8,2019,FCLGA1151-2,Desktop
Intel,Core i7 10700T,1285,10322,8,16,2.0,4.5,Desktop,intel core i7-10700t,Intel Core i7-10700T @ 2.00GHz,447.99,13119,29.28,2661,5.94,35.0,374.82,8,2020,FCLGA1200,Desktop
Intel,Core i5 11400F,1346,10235,6,12,2.6,4.4,Desktop,intel core i5-11400f,Intel Core i5-11400F @ 2.60GHz,149.99,17213,114.76,3023,20.15,65.0,264.82,6,2021,FCLGA1200,Desktop
AMD,Ryzen 7 2700X,1102,10140,8,16,3.7,4.3,Desktop,amd ryzen 7 2700x,AMD Ryzen 7 2700X,212.98,17578,82.54,2436,11.44,105.0,167.41,8,2018,AM4,Desktop
AMD,Ryzen 5 5600H,1383,10136,6,12,3.3,4.2,Laptop,amd ryzen 5 5600h,AMD Ryzen 5 5600H,,17196,,2982,,45.0,382.14,6,2021,FP6,Laptop
Intel,Core i7 5960X,1089,10117,8,16,3.0,3.5,Desktop,intel core i7-5960x,Intel Core i7-5960X @ 3.00GHz,215.61,12719,58.99,1979,9.18,140.0,90.85,8,2014,LGA2011-v3,Desktop
AMD,Ryzen 7 Pro 4750GE,1288,10105,8,16,3.6,4.4,Desktop,amd ryzen 7 pro 4750ge,AMD Ryzen 7 PRO 4750GE,,18550,,2709,,35.0,530.01,8,2020,AM4,Desktop
Intel,Core i7 10870H,1235,9986,8,16,2.2,5.0,Laptop,intel core i7-10870h,Intel Core i7-10870H @ 2.20GHz,417.0,15027,36.04,2726,6.54,45.0,333.93,8,2020,FCBGA1440,Laptop
Intel,Core i5 11500,1511,9980,6,12,2.7,4.6,Desktop,intel core i5-11500,Intel Core i5-11500 @ 2.70GHz,197.19,17626,89.38,3153,15.99,65.0,271.17,6,2021,FCLGA1200,Desktop
AMD,Ryzen 5 3600XT,1330,9945,6,12,3.8,4.2,Desktop,amd ryzen 5 3600xt,AMD Ryzen 5 3600XT,327.52,18780,57.34,2794,8.53,95.0,197.69,6,2020,AM4,Desktop
Intel,Core i7 6950X,1094,9918,10,20,3.0,3.5,Desktop,intel core i7-6950x,Intel Core i7-6950X @ 3.00GHz,377.32,17142,45.43,2334,6.19,140.0,122.44,10,2016,LGA2011-v3,Desktop
AMD,Ryzen 7 4800U,1241,9876,8,16,1.8,4.2,Laptop,amd ryzen 7 4800u,AMD Ryzen 7 4800U,,17073,,2603,,15.0,"1,138.18",8,2020,FP6,Laptop
Intel,Core i7 1270P,1788,9773,12,16,2.2,4.8,Laptop,intel core i7-1270p,Intel Core i7-1270P,,21030,,3796,,28.0,751.07,4,2022,BGA1700,Laptop
Intel,Core i5 11500H,1511,9693,6,12,2.4,4.6,Laptop,intel core i5-11500h,Intel Core i5-11500H @ 2.90GHz,250.0,16458,65.83,3148,12.59,45.0,365.74,6,2021,FCBGA1787,Laptop
Intel,Core i5 11400,1358,9649,6,12,2.6,4.4,Desktop,intel core i5-11400,Intel Core i5-11400 @ 2.60GHz,174.21,17132,98.34,3048,17.5,65.0,263.57,6,2021,FCLGA1200,Desktop
Intel,Core i7 9700K,1293,9605,8,8,3.6,4.9,Desktop,intel core i7-9700k,Intel Core i7-9700K @ 3.60GHz,390.99,14550,37.21,2899,7.42,95.0,153.16,8,2018,FCLGA1151-2,Desktop
Intel,Core i9 10885H,1305,9605,8,16,2.4,5.3,Laptop,intel core i9-10885h,Intel Core i9-10885H @ 2.40GHz,556.0,15679,28.2,2810,5.05,45.0,348.42,8,2020,FCBGA1440,Laptop
AMD,Ryzen 5 3600X,1323,9526,6,12,3.8,4.2,Desktop,amd ryzen 5 3600x,AMD Ryzen 5 3600X,209.99,18285,87.08,2670,12.71,95.0,192.47,6,2019,AM4,Desktop
Intel,Core i5 11400H,1737,9420,6,12,2.2,4.5,Laptop,intel core i5-11400h,Intel Core i5-11400H @ 2.70GHz,250.0,16073,64.29,3061,12.24,45.0,357.17,6,2021,FCBGA1787,Laptop
AMD,Ryzen 5 4600G,1227,9401,6,12,3.7,4.2,Desktop,amd ryzen 5 4600g,AMD Ryzen 5 4600G,,15577,,2658,,65.0,239.65,6,2020,AM4,Desktop
AMD,Ryzen 7 1800X,983,9380,8,16,3.6,4.0,Desktop,amd ryzen 7 1800x,AMD Ryzen 7 1800X,178.03,16306,91.59,2186,12.28,95.0,171.64,8,2017,AM4,Desktop
Intel,Core i7 11700,1453,9364,8,16,2.5,4.9,Desktop,intel core i7-11700,Intel Core i7-11700 @ 2.50GHz,316.99,20588,64.95,3146,9.92,95.0,216.72,8,2021,FCLGA1200,Desktop
AMD,Ryzen 5 Pro 4650G,1267,9356,6,12,3.7,4.2,Desktop,amd ryzen 5 pro 4650g,AMD Ryzen 5 PRO 4650G,257.36,16428,63.83,2664,10.35,65.0,252.73,6,2020,AM4,Desktop
Intel,Core i7 9700KF,1261,9346,8,8,3.6,4.9,Desktop,intel core i7-9700kf,Intel Core i7-9700KF @ 3.60GHz,424.99,14499,34.12,2920,6.87,95.0,152.62,8,2019,FCLGA1151-2,Desktop
Intel,Core i5 10600,1298,9076,6,12,3.3,4.8,Desktop,intel core i5-10600,Intel Core i5-10600 @ 3.30GHz,219.99,13928,63.31,2911,13.23,65.0,214.27,6,2020,FCLGA1200,Desktop
AMD,Ryzen 5 3600,1245,9073,6,12,3.6,4.2,Desktop,amd ryzen 5 3600,AMD Ryzen 5 3600,153.49,17822,116.11,2576,16.78,65.0,274.18,6,2019,AM4,Desktop
AMD,Ryzen 7 5700U,1266,9064,8,16,1.8,4.3,Laptop,amd ryzen 7 5700u,AMD Ryzen 7 5700U,,16104,,2618,,15.0,"1,073.63",8,2021,FP6,Laptop
Intel,Core i5 11260H,1402,9062,6,12,2.1,4.4,Laptop,intel core i5-11260h,Intel Core i5-11260H @ 2.60GHz,250.0,15313,61.25,2969,11.87,45.0,340.29,6,2021,FCBGA1787,Laptop
AMD,Ryzen 5 4600HS,1178,9052,6,12,3.0,4.0,Laptop,amd ryzen 5 4600hs,AMD Ryzen 5 4600HS,,14735,,2468,,35.0,421.01,6,2020,FP6,Laptop
AMD,Ryzen 7 2700,1067,9005,8,16,3.2,4.1,Desktop,amd ryzen 7 2700,AMD Ryzen 7 2700,254.2,15654,61.58,2197,8.64,65.0,240.82,8,2018,AM4,Desktop
Intel,Core i7 8700K,1227,8990,6,12,3.7,4.7,Desktop,intel core i7-8700k,Intel Core i7-8700K @ 3.70GHz,309.0,13850,44.82,2764,8.95,95.0,145.79,6,2017,FCLGA1151-2,Desktop
AMD,Threadripper 1900X,1005,8979,8,16,3.8,4.0,Desktop,amd ryzen threadripper 1900x,AMD Ryzen Threadripper 1900X,249.99,16955,67.82,2343,9.37,180.0,94.19,8,2017,sTR4,Desktop
Intel,Core i7 10875H,1260,8952,8,16,2.3,5.1,Laptop,intel core i7-10875h,Intel Core i7-10875H @ 2.30GHz,450.0,15426,34.28,2778,6.17,45.0,342.79,8,2020,FCBGA1440,Laptop
AMD,Ryzen 7 1700X,987,8872,8,16,3.4,3.8,Desktop,amd ryzen 7 1700x,AMD Ryzen 7 1700X,168.06,15496,92.21,2074,12.34,95.0,163.12,8,2017,AM4,Desktop
Intel,Core i9 9880H,1152,8822,8,16,2.3,4.8,Laptop,intel core i9-9880h,Intel Core i9-9880H @ 2.30GHz,556.0,13979,25.14,2555,4.59,45.0,310.64,8,2019,FCBGA1440,Laptop
AMD,Ryzen 7 Pro 5850U,1413,8727,8,16,1.9,4.4,Laptop,amd ryzen 7 pro 5850u,AMD Ryzen 7 PRO 5850U,,17581,,3057,,15.0,"1,172.06",8,2021,FP6,Laptop
Intel,Core i7 10700,1237,8649,8,16,2.9,4.8,Desktop,intel core i7-10700,Intel Core i7-10700 @ 2.90GHz,268.99,16946,63.0,2922,10.86,65.0,260.71,8,2020,FCLGA1200,Desktop
Intel,Core i7 9700,1210,8631,8,8,3.0,4.7,Desktop,intel core i7-9700,Intel Core i7-9700 @ 3.00GHz,322.85,13385,41.46,2782,8.62,65.0,205.93,8,2019,FCLGA1151-2,Desktop
Intel,Core i7 9700F,1193,8631,8,8,3.0,4.7,Desktop,intel core i7-9700f,Intel Core i7-9700F @ 3.00GHz,340.99,13462,39.48,2796,8.2,65.0,207.11,8,2019,FCLGA1151-2,Desktop
Intel,Core i7 1260P,1648,8615,12,16,2.1,4.7,Laptop,intel core i7-1260p,Intel Core i7-1260P,,16020,,3067,,28.0,572.16,4,2022,BGA1700,Laptop
AMD,Ryzen 3 5300G,1298,8504,4,8,4.0,4.2,Desktop,amd ryzen 3 5300g,AMD Ryzen 3 5300G,,13139,,3055,,65.0,202.14,4,2021,AM4,Desktop
Intel,Core i9 9980HK,1197,8484,8,16,2.4,5.0,Laptop,intel core i9-9980hk,Intel Core i9-9980HK @ 2.40GHz,583.0,14728,25.26,2620,4.49,45.0,327.29,8,2019,FCBGA1440,Laptop
Intel,Core i3 12100F,1650,8467,4,8,3.3,4.3,Desktop,intel core i3-12100f,Intel Core i3-12100F,107.99,14490,134.18,3532,32.71,58.0,249.83,4,2022,FCLGA1700,Server
Intel,Core i5 10500,1096,8272,6,12,3.1,4.5,Desktop,intel core i5-10500,Intel Core i5-10500 @ 3.10GHz,209.88,13056,62.21,2785,13.27,65.0,200.86,6,2020,FCLGA1200,Desktop
Intel,Core i3 12100,1693,8197,4,8,3.3,4.3,Desktop,intel core i3-12100,Intel Core i3-12100,122.0,14503,118.88,3549,29.09,60.0,241.72,4,2022,LGA 1700,Desktop
AMD,Ryzen 5 4600U,1178,8176,6,12,2.1,4.0,Laptop,amd ryzen 5 4600u,AMD Ryzen 5 4600U,,13460,,2418,,15.0,897.36,6,2020,FP6,Laptop
AMD,Ryzen 7 2700E,1057,8176,8,16,2.8,4.0,Desktop,amd ryzen 7 2700e,AMD Ryzen 7 2700E,,14657,,2410,,45.0,325.72,8,2019,AM4,Desktop
AMD,Ryzen 7 5800U,1431,8168,8,16,1.9,4.4,Laptop,amd ryzen 7 5800u,AMD Ryzen 7 5800U,,18852,,3092,,15.0,"1,256.80",8,2021,FP6,Laptop
AMD,Ryzen 7 1700,954,8138,8,16,3.0,3.7,Desktop,amd ryzen 7 1700,AMD Ryzen 7 1700,152.68,14628,95.81,1985,13.0,65.0,225.05,8,2017,AM4,Desktop
AMD,Ryzen 5 4600H,1156,8075,6,12,3.0,4.0,Laptop,amd ryzen 5 4600h,AMD Ryzen 5 4600H,,14735,,2461,,45.0,327.45,6,2020,FP6,Laptop
Intel,Core i5 10600T,1134,7901,6,12,2.4,4.0,Desktop,intel core i5-10600t,Intel Core i5-10600T @ 2.40GHz,213.0,11376,53.41,2422,11.37,35.0,325.02,6,2020,FCLGA1200,Desktop
Intel,Core i5 10400F,1119,7724,6,12,2.9,4.3,Desktop,intel core i5-10400f,Intel Core i5-10400F @ 2.90GHz,124.99,12439,99.52,2572,20.58,65.0,191.37,6,2020,FCLGA1200,Desktop
AMD,Ryzen 5 5600U,1379,7697,6,12,2.3,4.2,Laptop,amd ryzen 5 5600u,AMD Ryzen 5 5600U,,15241,,2924,,15.0,"1,016.06",6,2021,FP6,Laptop
Intel,Core i5 10400,1137,7670,6,12,2.9,4.3,Desktop,intel core i5-10400,Intel Core i5-10400 @ 2.90GHz,149.99,12320,82.14,2587,17.25,65.0,189.53,6,2020,FCLGA1200,Desktop
Intel,Core i5 10500T,1086,7531,6,12,2.3,3.8,Desktop,intel core i5-10500t,Intel Core i5-10500T @ 2.30GHz,192.0,10365,53.98,2342,12.2,35.0,296.14,6,2020,FCLGA1200,Desktop
AMD,Ryzen 5 2600X,1094,7523,6,12,3.6,4.2,Desktop,amd ryzen 5 2600x,AMD Ryzen 5 2600X,154.39,14053,91.02,2406,15.58,95.0,147.92,6,2018,AM4,Desktop
Intel,Core i7 10850H,1208,7518,6,12,2.7,5.1,Laptop,intel core i7-10850h,Intel Core i7-10850H @ 2.70GHz,395.0,12124,30.69,2740,6.94,45.0,269.42,6,2020,FCBGA1440,Laptop
AMD,Ryzen 7 4700U,1231,7462,8,8,2.0,4.1,Laptop,amd ryzen 7 4700u,AMD Ryzen 7 4700U,,13648,,2553,,15.0,909.83,8,2020,FP6,Laptop
Intel,Core i7 7800X,983,7445,6,12,3.5,4.0,Desktop,intel core i7-7800x,Intel Core i7-7800X @ 3.50GHz,199.99,12864,64.33,2414,12.07,140.0,91.89,6,2017,FCLGA2066,Desktop
Intel,Core i7 6850K,1004,7422,6,12,3.6,3.8,Desktop,intel core i7-6850k,Intel Core i7-6850K @ 3.60GHz,326.97,11295,34.54,2407,7.36,140.0,80.68,6,2016,FCLGA2011-3,Desktop
Intel,Core i5 9600KF,1277,7403,6,6,3.7,4.6,Desktop,intel core i5-9600kf,Intel Core i5-9600KF @ 3.70GHz,159.0,10838,68.16,2786,17.52,95.0,114.08,6,2019,FCLGA1151-2,Desktop
Intel,Core i7 10750H,1178,7343,6,12,2.6,5.0,Laptop,intel core i7-10750h,Intel Core i7-10750H @ 2.60GHz,,12355,,2716,,45.0,274.54,6,2020,FCBGA1440,Laptop
AMD,Ryzen 5 Pro 5650U,1379,7202,6,12,2.3,4.2,Laptop,amd ryzen 5 pro 5650u,AMD Ryzen 5 PRO 5650U,,15373,,2965,,15.0,"1,024.86",6,2021,FP6,Laptop
AMD,Ryzen 5 2600,1016,7173,6,12,3.4,3.9,Desktop,amd ryzen 5 2600,AMD Ryzen 5 2600,124.88,13195,105.66,2250,18.02,65.0,202.99,6,2018,AM4,Desktop
AMD,Ryzen 5 5500U,1185,7173,6,12,2.1,4.0,Laptop,amd ryzen 5 5500u,AMD Ryzen 5 5500U,,13190,,2459,,15.0,879.33,6,2021,FP6,Laptop
Intel,Core i7 8700,1227,7160,6,12,3.2,4.6,Desktop,intel core i7-8700,Intel Core i7-8700 @ 3.20GHz,260.99,13046,49.99,2662,10.2,65.0,200.71,6,2017,FCLGA1151-2,Desktop
Intel,Core i7 9850H,1206,7045,6,12,2.6,4.6,Laptop,intel core i7-9850h,Intel Core i7-9850H @ 2.60GHz,1305.76,11483,8.79,2550,1.95,45.0,255.18,6,2019,unknown,Laptop
Intel,Core i9 8950HK,1208,7045,6,12,2.9,4.8,Laptop,intel core i9-8950hk,Intel Core i9-8950HK @ 2.90GHz,583.0,10803,18.53,2489,4.27,45.0,240.06,6,2018,FCBGA1440,Laptop
Intel,Core i7 9750H,1127,6955,6,12,2.6,4.5,Laptop,intel core i7-9750h,Intel Core i7-9750H @ 2.60GHz,960.0,11207,11.67,2487,2.59,45.0,249.03,6,2019,FCBGA1440,Laptop
Intel,Core i5 10400T,998,6883,6,12,2.0,3.6,Desktop,intel core i5-10400t,Intel Core i5-10400T @ 2.00GHz,182.0,10052,55.23,2168,11.91,35.0,287.2,6,2020,FCLGA1200,Desktop
Intel,Core i5 10500H,1170,6882,6,12,2.5,4.5,Laptop,intel core i5-10500h,Intel Core i5-10500H @ 2.50GHz,250.0,11604,46.41,2620,10.48,45.0,257.86,6,2021,FCBGA1440,Laptop
Intel,Core i7 6800K,966,6854,6,12,3.4,3.6,Desktop,intel core i7-6800k,Intel Core i7-6800K @ 3.40GHz,259.99,10681,41.08,2272,8.74,140.0,76.29,6,2016,LGA2011-v3,Desktop
AMD,Ryzen 3 3300X,1307,6845,4,8,3.8,4.3,Desktop,amd ryzen 3 3300x,AMD Ryzen 3 3300X,269.99,12746,47.21,2689,9.96,65.0,196.1,4,2020,AM4,Desktop
Intel,Core i5 8600K,1261,6814,6,6,3.6,4.3,Desktop,intel core i5-8600k,Intel Core i5-8600K @ 3.60GHz,235.99,10195,43.2,2609,11.05,95.0,107.32,6,2017,FCLGA1151-2,Desktop
Intel,Core i7 11375H,1599,6766,4,8,3.0,5.0,Laptop,intel core i7-11375h,Intel Core i7-11375H @ 3.30GHz,482.0,12383,25.69,3105,6.44,35.0,353.79,4,2021,FCBGA1449,Laptop
Intel,Core i5 9600K,1192,6708,6,6,3.7,4.6,Desktop,intel core i5-9600k,Intel Core i5-9600K @ 3.70GHz,232.6,10793,46.4,2773,11.92,95.0,113.61,6,2018,FCLGA1151-2,Desktop
AMD,Ryzen 5 1600X,949,6541,6,12,3.6,4.0,Desktop,amd ryzen 5 1600x,AMD Ryzen 5 1600X,169.46,12943,76.38,2183,12.88,95.0,136.25,6,2017,AM4,Desktop
Intel,Core i3 10320,1312,6490,4,8,3.8,4.6,Desktop,intel core i3-10320,Intel Core i3-10320 @ 3.80GHz,133.95,10115,75.51,2848,21.26,65.0,155.61,4,2020,FCLGA1200,Desktop
Intel,Core i7 11390H,1612,6478,4,8,2.9,5.0,Laptop,intel core i7-11390h,Intel Core i7-11390H @ 3.40GHz,426.0,10897,25.58,3053,7.17,35.0,311.35,4,2021,FCBGA1449,Laptop
Intel,Core i5 9400F,1130,6284,6,6,2.9,4.1,Desktop,intel core i5-9400f,Intel Core i5-9400F @ 2.90GHz,129.99,9544,73.42,2471,19.01,65.0,146.84,6,2019,FCLGA1151-2,"Desktop, Laptop"
AMD,Ryzen 5 1600,903,6282,6,12,3.2,3.6,Desktop,amd ryzen 5 1600,AMD Ryzen 5 1600,159.82,12314,77.05,2074,12.98,65.0,189.45,6,2017,AM4,Desktop
Intel,Core i7 1165G7,1518,6109,4,8,1.2,4.7,Laptop,intel core i7-1165g7,Intel Core i7-1165G7 @ 2.80GHz,426.0,10595,24.87,2877,6.75,15.0,706.33,4,2020,BGA1526,Laptop
AMD,Ryzen 3 Pro 4350G,1178,6093,4,8,3.8,4.0,Desktop,amd ryzen 3 pro 4350g,AMD Ryzen 3 PRO 4350G,,10833,,2540,,65.0,166.66,4,2020,AM4,Desktop
Intel,Core i5 9500,1142,6091,6,6,3.0,4.4,Desktop,intel core i5-9500,Intel Core i5-9500 @ 3.00GHz,297.59,9698,32.59,2578,8.66,65.0,149.2,6,2019,FCLGA1151-2,Desktop
Intel,Core i3 10300,1248,6051,4,8,3.7,4.4,Desktop,intel core i3-10300,Intel Core i3-10300 @ 3.70GHz,138.99,9284,66.79,2677,19.26,65.0,142.82,4,2020,FCLGA1200,Desktop
Intel,Core i7 1195G7,1535,6050,4,8,1.3,5.0,Laptop,intel core i7-1195g7,Intel Core i7-1195G7 @ 2.90GHz,426.0,11019,25.87,3084,7.24,28.0,393.52,4,2021,FCBGA1449,Laptop
Intel,Core i7 8750H,1071,6033,6,12,2.2,4.1,Laptop,intel core i7-8750h,Intel Core i7-8750H @ 2.20GHz,395.0,10085,25.53,2331,5.9,45.0,224.12,6,2018,FCBGA1440,Laptop
Intel,Core i5 11320H,1473,5995,4,8,2.5,4.5,Laptop,intel core i5-11320h,Intel Core i5-11320H @ 3.20GHz,309.0,10732,34.73,2951,9.55,35.0,306.64,4,2021,FCBGA1449,Laptop
Intel,Core i7 10710U,1270,5974,6,12,1.1,4.7,Laptop,intel core i7-10710u,Intel Core i7-10710U @ 1.10GHz,644.99,10126,15.7,2460,3.81,15.0,675.07,6,2019,FCBGA1528,Laptop
Intel,Core i5 8400,1039,5946,6,6,2.8,4.0,Desktop,intel core i5-8400,Intel Core i5-8400 @ 2.80GHz,230.0,9222,40.1,2404,10.45,65.0,141.88,6,2017,FCLGA1151-2,Desktop
Intel,Core i7 7700K,1235,5940,4,8,4.2,4.5,Desktop,intel core i7-7700k,Intel Core i7-7700K @ 4.20GHz,349.44,9658,27.64,2730,7.81,95.0,101.66,4,2016,LGA 1151,Desktop
AMD,Ryzen 5 4500U,1151,5939,6,6,2.3,4.0,Laptop,amd ryzen 5 4500u,AMD Ryzen 5 4500U,,11098,,2454,,15.0,739.83,6,2020,FP6,Laptop
AMD,Ryzen 3 4300GE,1215,5798,4,8,3.5,4.0,Desktop,amd ryzen 3 4300ge,AMD Ryzen 3 4300GE,,11332,,2558,,35.0,323.78,4,2020,AM4,Desktop
Intel,Core i7 1185G7,1473,5783,4,8,1.2,4.8,Laptop,intel core i7-1185g7,Intel Core i7-1185G7 @ 3.00GHz,426.0,10948,25.7,2899,6.8,15.0,729.84,4,2020,BGA1526,Laptop
Intel,Core i7 11370H,1535,5778,4,8,3.0,4.8,Laptop,intel core i7-11370h,Intel Core i7-11370H @ 3.30GHz,426.0,12098,28.4,3017,7.08,35.0,345.66,4,2021,FCBGA1449,Laptop
Intel,Core i3 10105F,1172,5776,4,8,3.7,4.4,Desktop,intel core i3-10105f,Intel Core i3-10105F @ 3.70GHz,78.99,9141,115.72,2675,33.86,,,4,2021,FCLGA1200,Desktop
AMD,Ryzen 3 3100,1105,5423,4,8,3.6,3.9,Desktop,amd ryzen 3 3100,AMD Ryzen 3 3100,137.95,11660,84.52,2427,17.59,65.0,179.38,4,2020,AM4,Desktop
